{
  "metadata": {
    "timestamp": "20250711_151702",
    "cpu_cores": 12,
    "test_description": "MCMC Serial vs Parallel Performance Test",
    "wavelength_range": [
      1000,
      1800
    ],
    "ions_tested": [
      "HI_Lya",
      "HI_Lyb",
      "OVI",
      "CIV",
      "SiIV",
      "CII"
    ]
  },
  "phase1": {
    "complexity": [
      1,
      2,
      3,
      4,
      5,
      6
    ],
    "serial_time": [
      4.068411668141683,
      6.791820287704468,
      10.684924284617106,
      14.656528870264689,
      22.918031851450603,
      34.92834973335266
    ],
    "parallel_time": [
      4.581880331039429,
      4.702653805414836,
      5.479954878489177,
      8.682648579279581,
      10.593555291493734,
      21.823197921117146
    ],
    "speedup": [
      0.8879349468340955,
      1.444252664290124,
      1.9498197561004258,
      1.688025115428635,
      2.1633938013098404,
      1.6005147302244993
    ],
    "n_params": [
      6,
      6,
      12,
      18,
      24,
      30
    ]
  },
  "phase2": {
    "complexity": [
      1,
      2,
      3,
      4
    ],
    "serial_time": [
      13.449075619379679,
      26.002288420995075,
      45.050955613454185,
      48.26783855756124
    ],
    "parallel_time": [
      7.905816634496053,
      14.58881139755249,
      26.492404222488403,
      21.57597557703654
    ],
    "speedup": [
      1.7011620988901135,
      1.7823445455849392,
      1.7005234872270343,
      2.237110363108356
    ],
    "n_params": [
      18,
      18,
      18,
      18
    ]
  },
  "phase3": {
    "complexity": [
      1,
      2,
      3,
      4,
      5
    ],
    "serial_time": [
      17.29239336649577,
      30.426514863967896,
      42.785096963246666,
      91.88220850626628,
      134.34342670440674
    ],
    "parallel_time": [
      9.586436986923218,
      16.47074802716573,
      24.17008630434672,
      55.54162780443827,
      77.23827068010966
    ],
    "speedup": [
      1.803839465078025,
      1.8473061948239675,
      1.7701673227187542,
      1.6542944839460407,
      1.7393375786571403
    ],
    "n_params": [
      6,
      12,
      18,
      24,
      30
    ]
  }
}